{
  "x": [
    0.05,
    0.35,
    0.65,
    0.95
  ],
  "y": [
    0.022292993630573247,
    0.35,
    0.6634819532908705,
    0.9925690021231423
  ]
}